{
    "mse": 0.5111707448959351,
    "rmse": 0.7149620652198792,
    "ci": 0.734593934623452,
    "loss": 0.5209870653949222
}