{
    "mse": 0.6472933888435364,
    "rmse": 0.8045454621315002,
    "ci": 0.6256169954576015,
    "loss": 0.6468741039422398
}