mse,rmse,ci
1.1344658,1.0651131,0.48410486311615125
