{
    "mse": 0.5759324431419373,
    "rmse": 0.7589021325111389,
    "ci": 0.733379696507556,
    "loss": 0.5820818197514329
}